Product_name,Product_price
"Smart LED Light Bulb 2.4G(Not 5G) E26 WiFi Multicolor Light Bulb Work with Alexa,Siri, Echo, Google Home and IFTTT (No Hub Required), A19 60W Equivalent RGB Color Changing Bulb (4 Pack)","$39.99
$39
.
99"
"Govee Smart WiFi LED Strip Lights Works with Alexa, Google Home Brighter 5050 LED, 16 Million Colors Phone App Controlled Music Light Strip for Home, Kitchen, TV, Party, for iOS and Android, 16.4ft","$29.99
$29
.
99"
"Smart WiFi Light Bulb with Soft White Light, TECKIN 16 Million RGB Color Changing LED Bulb That Work with Alexa, Google Home (No Hub Required), 7.5W (60w Equivalent),4 Pack","$39.99
$39
.
99"
"Smart WiFi Light Bulb, LED RGB Color Changing, Compatible with Alexa and Google Home Assistant, No Hub Required, A19 E26 Multicolor LUMIMAN 2 Pack","$22.99
$22
.
99"
"BERENNIS Smart Light Bulb, A19 E26 RGBCW WiFi Dimmable Multicolor LED Lights, Compatible with Alexa, Google Home and IFTTT (No Hub Required) 7W (60w Equivalent) 3 Pack","$29.99
$29
.
99"
"Smart Light Bulb, AL Above Lights Dimmable E26 9W Wi-Fi LED Smart Bulb, Works with Alexa, Echo, Google Home and Siri, Soft White (2700K), 60W Equivalent, 810 LM, RGB+W, ETL Listed - 2 Packs","$19.99
$19
.
99"
"Wyze Bulb 800 Lumen A19 LED Smart Home Light Bulb, Adjustable white temperature and brightness, works with Alexa and the Google Assistant, No Hub Required, 4-Pack","$37.98
$37
.
98"
"Smart Light Bulb Compatible with Alexa Google Home, NiteBird A19 E26 Wifi Dimmable Warm White 2700K LED Lights Bulbs, 75W Equivalent, No Hub Required, 4 Pack","$31.99
$31
.
99"
"Smart Light Bulbs E12 Base LED Candelabra Bulbs, Color Changing and Dimmable, Compatible with Alexa Google Home IFTTT, Tunable White Chandelier Light Bulbs 320 lm 35w Equivalent, 4 Pack","$39.99
$39
.
99"
"Smart WiFi Light Bulb, LUMIMAN LED RGBCW Color Changing, Compatible with Alexa, Siri and Google Home Assistant, No Hub Required, A19 E26 Multicolor 4 Pack","$39.99
$39
.
99"
"Smart LED Light Bulb 2.4G(Not 5G) E26 WiFi Multicolor Light Bulb Work with Siri,Alexa, Echo, Google Home and IFTTT (No Hub Required), Peteme A19 60W Equivalent RGB Color Changing Bulb (2 Pack)","$20.99
$20
.
99"
"Smart Light Bulbs,TECKIN LED RGB Color Changing,E27 100W 1300LM Equivalent Compatible with Alexa and Google Home,IFTTT,2900K-6000K BR30 WiFi Light Blubs(13W),4 Pack","$69.99
$69
.
99"
"Smart WiFi LED Light Bulbs Compatible with Alexa Google Home, Siri and Echo(No Hub Required), TIKLOK RGBCW Multi-Color, Warm to Cool White Dimmable 7.5W E26 A19 Color Changing Bulb(4 Pack)","$35.96
$35
.
96"
"Philips Hue White A19 LED Smart Bulb, Bluetooth & Zigbee compatible (Hue Hub Optional), Works with Alexa & Google Assistant – A Certified for Humans Device","$14.99
$14
.
99"
"Single Pole Treatlife Smart Light Switch（Neutral Wire Required), 2.4Ghz Wi-Fi Light Switch, Works with Alexa and Google Assistant, Schedule, Remote Control, Single Pole, ETL Listed (4 PACK)","$59.99
$59
.
99"
"Smart WiFi LED Recessed Retrofit Downlight 5/6 inch, 15W Ceiling Down Lighting Compatible with Alexa,Siri and Google Home, RGBCW Multicolor Color Changing Retrofit Can Lights 2700K - 6500K No Hub","$39.99
$39
.
99"
"Kasa Smart Light Switch by TP-Link – Needs Neutral Wire, WiFi Light Switch, Works with Alexa & Google (HS200) White 1-Pack","$19.99
$19
.
99"
"TECKIN Smart Light Bulb,LED RGB Color Changing,E27 100W 1300LM Equivalent Compatible with Alexa and Google Home,IFTTT,2900K-6000K BR30 WiFi Light Blubs(13W),1 Pack","$19.99
$19
.
99"
"Sunco Lighting 6 Pack WiFi LED Smart Bulb, BR30, 8W, Color Changing (RGB & CCT), Dimmable, 650 LM, Compatible with Amazon Alexa & Google Assistant - No Hub Required","$64.99
$64
.
99"
"Smart Light Bulbs, Aoycocr BR30 Dimmable LED Light Bulbs, 720 Lumen, Tunable White 2700K - 9000K,9 (80W Equivalent), Works with Alexa, Google Assistant, IFTTT, No Hub Required, Wi-Fi, E26 Base, 6 Pack","$80.99
$80
.
99"
"Smart Light Bulbs, Aoycocr BR30 Dimmable LED Light Bulbs, 720 Lumen, Tunable White 2700K - 9000K,9 (80W Equivalent) No Hub Required, Wi-Fi, E26 Base (4 Pack)","$52.99
$52
.
99"
LED Candelabra Bulbs E12 Base- Chandelier Lighting Bulbs 400 Lumens 5W(45 Watt equiv.) - Tunable White 2000K-6500K RGB Color Changing Dimmable Smart Light Bulb - 3 Pack,"$29.99
$29
.
99"
"TECKIN Smart Light Bulb LED RGB Color Changing,A19 E27 60W 800LM Equivalent Compatible with Alexa Google Home,IFTTT,2800K-6000K Cold and Warm Light WiFi Blubs(7.5W),4pack","$39.99
$39
.
99"
"AXTEE Smart Light Bulb 2.4G(Not 5G), WiFi LED RGBCW Color Changing Bulbs 2700K-6500K with White Lights Work with Alexa, Echo, Google Home and IFTTT(No Hub Required), A19 E26 60W Equivalent-3 Pack","$27.99
$27
.
99"
"OHLUX Smart WiFi LED Light Bulbs Compatible with Alexa Google Home and IFTTT(No Hub Required), RGBCW Multi-Color, Warm to Cool White Dimmable, 60W Equivalent, 7W E26 A19 Color Changing Bulb-4PACK","$38.99
$38
.
99"
"Gosund Smart Light Switch, In-wall Wifi Smart Switch that Works with Alexa and Google Home, No Hub Required, Neutral Wire Needed, Single-Pole 15A, ETL and FCC Listed,4 Pack White","$59.98
$59
.
98"
"Kasa Smart Wi-Fi Light Switch, 3-Way Kit by TP-Link - Control Lighting from Anywhere, Easy In-Wall Installation (3-Way Only), No Hub Required, Works with Alexa and Google Assistant (HS210 KIT)","$44.97
$44
.
97"
"TP-Link Kasa Smart WiFi Light Bulb, Multicolor - Smart LED Light Bulbs, Works with Alexa & Google (KL130)","$29.99
$29
.
99"
"MagicLight WiFi Bulb No Hub Required, Dimmable Multicolor E26 A19 7W (60w Equivalent) Color Changing LED Smart Light, Compatible with Alexa Google Home Siri IFTTT (4 Pack)","$33.99
$33
.
99"
"Smart Light Bulb WiFi Light Bulbs,TECKIN 13W E27 RGBCW Multicolor Dimmable LED Color Changing Light Bulb Equivalent 100W,1300LM BR30 Compatible with Alexa and Google Home IFTTT 2900K-6000K 2 Packs","$37.99
$37
.
99"
"Smart LED Light Bulb, TIKLOK WiFi Dimmable Soft White A19 E26 Bulb, Compatible with Alexa and Google Home, 2700K 60W Equivalent, Easy Setup Control, No Hub Required (4 Pack)","$31.96
$31
.
96"
"Philips Hue White A19 4-Pack 60W Equivalent Dimmable LED Smart Bulbs (Hue Hub Required, Works with Alexa, HomeKit & Google Assistant), Old Version","$49.95
$49
.
95"
"Gosund Smart Dimmer Switch, Wifi Wall Light Switch Compatible with Alexa and Google Home, 4 Pack, Single-Pole, Remote Control, No Hub Required, ETL and FCC Listed","$64.59
$64
.
59"
"Smart WiFi Alexa Light Bulb, Dimmable Multicolor E26 A19 7W (60w Equivalent) Magic Hue LED Light Bulb, Compatible with Alexa Google Home Siri IFTTT (4 Pack)","$33.99
$33
.
99"
"TP-Link (HS220) Kasa Smart Dimmer WiFi Light Switch, 1-Pack","$29.99
$29
.
99"
"DAYBETTER LED Strip Lights, Smart LED Lights 16.4ft Waterproof 5050 RGB Color Changing Controlled by Phone APP, Sync to Music, WiFi LED Strips Work with Alexa, Google Assistant for Bedroom","$26.99
$26
.
99"
"[2020 Upgrade] 100W Equivalent Smart LED Light Bulb 2.4G(Not 5G) A21 by 3Stone, WiFi App Controlled UL Listed, Dimmable Warm White and RGB Colors, Works Perfect with Amazon Alexa Google Assistant","$39.99
$39
.
99"
"DORESshop Wi-Fi Smart LED Light Bulb, E26 Dimmable 10W(75W Equivalent) Vintage Edison WiFi LED Edison Bulb, ST64 Antique LED Filament Light Bulb, Work with Alexa and Google Assistant, 2 Pack","$27.99
$27
.
99"
"Smart Light Switch&Alexa Smart Double Switch& 2.4Ghz WIFI Light Switch With Timer and Remote Control,Schedule,Neutral Wire Needed,Works with Alexa, Google Assistant and IFTTT,Single Pole (2gang)","$36.99
$36
.
99"
"UPGRADED WiFi Smart LED Strip Lights 16.4ft Works with Alexa, Google Home Extra-Adhesive Bright 5050 LED, 16 Million Colors Phone App Controlled Strip for Home, Kitchen, TV, Party, for iOS and Android","$29.95
$29
.
95"
"Smart Light Bulb Compatible with Alexa Google Home, NiteBird A19 E26 WiFi Dimmable Warm White 2700K LED Lights Bulbs, 75W Equivalent, No Hub Required, 2 Pack","$16.99
$16
.
99"
"Smart Light Bulbs, LOHAS BR30 LED WiFi Light Bulb Dimmable Daylight 5000K, 980LM, Compatible with Alexa Google Home Assistant, E26 10W Equivalent 75W BR30 Flood Light for Cans, No Hub Required, 2Pack","$23.99
$23
.
99"
"Smart Light Bulb with Soft White Light 2800k-6200k + RGBW, TECKIN A19 WiFi Multicolor LED Bulb Compatible with Phone, Google Home, 8w (60w Equivalent),2 Pack","$23.99
$23
.
99"
So Undercover,
"3-way Smart Light Switch, Neutral Wire Required, Treatlife WiFi Light Switch Single Pole/3-way Switch Works With Alexa, Google Assistant, Remote Control, ETL, Schedule, 1 PACK","$27.99
$27
.
99"
"MagicLight Smart WiFi Light Bulb, No Hub Required, Dimmable Multicolor A19 E26 7W (60w Equivalent) Smart Bulb, Compatible with Alexa Google Home Siri IFTTT (3 Pack)","$25.99
$25
.
99"
"Philips Hue LightStrip Plus Dimmable LED Smart Light Extension (Requires Lightstrip Base & Hue Hub, Works with Alexa, HomeKit & Google Assistant)","$24.97
$24
.
97"
"meross Smart Wi-Fi LED Bulb, Multiple Colors, RGB, 810 Lumens 60W Equivalent, Compatible with Alexa, Google Assistant and IFTTT, E26 Light Bulb, No Hub Required - Upgrade Versions (4 Pack)","$38.99
$38
.
99"
"Etekcity Smart Light Bulb, WiFi Dimmable Soft White LED Bulb Works with Alexa, Google Home and IFTTT, Easy Setup, Schedule, A19 E26, 60W Equivalent, 806LM, 2700K, No Hub Required, UL Listed (4 Pack)","$43.99
$43
.
99"
"Smart Light Bulb, WiFi Bulb Work with Siri, Alexa Echo, Google Home, Practical 10W 960LM Dimmable, from Warm White to Blue White Light Adjustable, No Hub Required, Fitop 2 E26 A19 LED Light Bulbs","$22.99
$22
.
99"
"OHLUX Smart WiFi LED Light Bulb, Works with Alexa and Google Home Assistant (No Hub Required), RGBCW Multi Color Changing Bulb, A19 E26 7W(60W Equivalent), IFTTT Compatible, 2-Pack","$21.99
$21
.
99"
"Sunco Lighting 4 Pack WiFi LED Smart Bulb, B11 Candelabra, 4.5W, E12 Base, Color Changing (RGB & CCT), Dimmable, Compatible with Amazon Alexa & Google Assistant - No Hub Required","$39.99
$39
.
99"
"Wixann 9W Smart Wi-Fi Light Bulb Compatible with Alexa & Google Home Assistant (No Hub Required, 2.4Ghz Only), A19, E26, 80W Equivalent Dimmable RGBCW Color Changing LED Bulbs for Siri IFTTT, 3 Pack","$34.99
$34
.
99"
"Sengled Smart Light Bulb A19 LED Daylight, Hub Required, Smart Bulb A19 5000K 60W Equivalent, Smart Light Bulb Compatible with Alexa, Google Assistant, SmartThings & IFTTT, 2 Pack","$19.99
$19
.
99"
"IESTARING Dimmable LED Flush Mount Ceiling Light - 12W (120W Equivalent) WiFi Smart 10"" Round Surface Mount Light Fixture for Bathroom/Bedroom/Dining Room, Compatible with Amazon Alexa (10"" 12W)","$39.99
$39
.
99"
"Sengled Smart LED Soft White A19 Light Bulb, Hub Required, 2700K 60W Equivalent, Works with Alexa, Google Assistant & SmartThings, 4 Pack","$29.24
$29
.
24"
AISIRER Smart Light Bulb WiFi LED Bulbs 9W 806LM Compatible with Amazon Alexa Echo Google Home Assistant and IFTTT Dimmable Warm Light 2700K No Hub Required E26 A19,"$21.99
$21
.
99"
Samsung SMARTBULB/GP-LBU019BBAWU / GP-LBU019BBAWU / Smart Light Bulb SmartThings Dimmable Light Bulb/SmartThings Hub Required,"$9.99
$9
.
99"
Govee 32.8ft LED Strip Lights Works with Alexa and Google Assistant Wireless Smart Phone APP Control Light Strip (2x5m) Music Sync RGB Tape LED Lights for Room Kitchen Home Party (Not Support 5G WiFi),"$42.99
$42
.
99"
"Geeni Prisma 1050 Wi-Fi Multicolor Light Bulbs (2700K), 4-Pack – Dimmable LED Bulbs, 75-Watt Equivalent – No Hub Required – Works with Amazon Alexa, Google Assistant, Microsoft Cortana","$49.99
$49
.
99"
"Single Pole Treatlife Smart Light Switch（Neutral Wire Required), 2.4Ghz Wi-Fi Light Switch, Works with Alexa and Google Assistant, Schedule, Remote Control, Single Pole, ETL Listed (1 PACK)","$17.99
$17
.
99"
"Hedynshine 33 Ft LED Strip Lights, Waterproof Tape Lights with 300 LEDs SMD 5050 RGB Rope Lights, Sync to Music, 24 Key Remote Control and Compatible with Alexa/Google Home,WiFi LED Lights Strip","$38.89
$38
.
89"
"The Body Keeps the Score: Brain, Mind, and Body in the Healing of Trauma","$11.45
$11
.
45"
"Sunco Lighting 2 Pack WiFi LED Smart Bulb, G25, 5W, Color Changing (RGB & CCT), Dimmable, Compatible with Amazon Alexa & Google Assistant - No Hub Required","$24.99
$24
.
99"
"LOHAS Smart LED Bulbs, Candelabra Base E12 LED Bulb Dimmable Smart Daylight 50 Watt Equivalent, 5000K LED WiFi Bulb No Hub Required Work with Alexa Google Home for chandelier ceiling fan bulbs, 4 Pack","$36.49
$36
.
49"
"Kasa Smart WiFi Light Bulb, Dimmable by TP-Link – No Hub Required, Works with Alexa & Google (KL110)","$16.99
$16
.
99"
WeMo Smart Light Switch 2ND Gen,"$39.99
$39
.
99"
"Novostella 2 Pack 20W Smart LED Flood Lights, RGBCW, 2700K-6500K, 2000LM, WiFi Outdoor Dimmable Color Changing Stage Light, IP66 Waterproof, Multicolor Wall Washer Light, Work with Alexa","$89.99
$89
.
99"
"Novostella 13W 1300LM Smart LED Light Bulbs, WiFi RGBCW 2700K-6500K Dimmable Multicolor Bulb, A19 E26, 120W Equivalent Color Changing Bulb, No Hub Required, Compatible with Alexa, 3 Pack","$69.99
$69
.
99"
"Smart Light Switch, Yeewell 2.4Ghz WiFi Light Switch with Timer and Remote Control, Works with Alexa, Google home and IFTTT, Neutral Wire Needed, Single Pole, No Hub Required, 2 gang","$35.99
$35
.
99"
"Smart Table Lamp, HUGOAI Dimmable Bedside Lamps for Bedrooms, Works with Alexa & Google Home, LED Nightstand Lamp with Shades of White Lights and Vibrant Colors, No Hub Required - Grey","$40.99
$40
.
99"
"Smart Light Bulbs, Alexa LED Light Bulbs WiFi Lighting 4 Pack Work with Smart Life App, Google Home, Avatar Controls RGBW Color Changing Lights, No Hub Required (E26 A19 8W)","$35.96
$35
.
96"
"Smart Light Bulb, REAFOO Smart WiFi LED Light Bulbs with Timer and Remote, Dimmable E26 RGB Color Changing Lights for Room Home Décor Holiday Party, Compatible with Alexa Google Assistant (2 Pack)…","$16.99
$16
.
99"
"LOHAS Smart Light Bulb BR40 WiFi LED Bulb, E26 RGB Color Changing Lights, 1450LM 100W Equivalent WiFi Bulb Work with Alexa, Google Assistant, Daylight 2700K-6000K Bulbs for Home Lighting(15W), 1 Pack","$26.99
$26
.
99"
"TP-LINK HS200P3 Kasa Smart WiFi Switch (3-Pack) Control Lighting from Anywhere, Easy In-Wall Installation (Single-Pole Only), No Hub Required, Works With Alexa and Google Assistant, White","$69.97
$69
.
97"
"Smart Dimmer Switch,Neutral Wire Required,Treatlife WiFi Light Switch for Dimmable LED, Halogen and Incandescent Bulbs, Compatible with Alexa, Google Assistant, Remote Control, Single-Pole(4 Pack)","$73.94
$73
.
94"
"NiteBird Smart TV Backlight Work with Alexa Google Home,Sync to Music WiFi LED TV light 9.2Ft Kit for 32'' to 60'' TV, Waterproof 5050 RGB Strip Light with Controller, Dimmable","$17.99
$17
.
99"
"Philips Hue Play White & Color Smart Light, 2 Pack Base kit, Hub Required/Power Supply Included (Works with Amazon Alexa, Apple Homekit & Google Home)","$129.94
$129
.
94"
"Smart WiFi LED Light Bulb Dimmable 9W 1000Lm, SLITINTO E26 Multicolor Light Bulb Compatible with Alexa, Echo, Google Home and IFTTT(No Hub Required), A19 90W Equivalent RGB Color Changing Bulb-2 Pack","$24.99
$24
.
99"
"Treatlife Smart Dimmer Switch, Neutral Wire Needed, 2.4Ghz Wi-Fi Light Switch, Compatible with Alexa and Google Assistant, Schedule, Remote Control, Single Pole (1 PACK)","$23.99
$23
.
99"
"Sunco Lighting 10 Pack WiFi LED Smart Bulb, A19, 6W, Color Changing (RGB & CCT), Dimmable, 480 LM, Compatible with Amazon Alexa & Google Assistant - No Hub Required","$94.99
$94
.
99"
"Vaticas 1 100-240V Smart WiFi Light Switch,Compatible with Alexa,Google Home and IFTTT, with Remote Control and Timer,No Hub Required Applicable to Family and Office(3 Gang White)","$55.99
$55
.
99"
Gosund Smart Light Bulb Compatible with Alexa Google Home WiFi A19 E26 LED Dimmable Bulbs No Hub Required 2700K Warm White 8W Lights 75W Equivalent Lighting 2pack,"$16.99
$16
.
99"
"Leviton DW15S-1BZ Decora Smart Wi-Fi 15A Universal LED/Incandescent Switch, Works with Amazon Alexa, No Hub Required","$39.61
$39
.
61"
AISIRER Smart Light Bulb WiFi LED Light Bulbs 9W 806LM Compatible with Amazon Alexa Echo Dot Google Home Assistant and IFTTT E26 Dimmable Warm Light 2700K No Hub Required A19 (4 Pack),"$39.99
$39
.
99"
"MOES WiFi Smart Light Switch,2 Gang No Screw Panel Smart Life/Tuya App Wireless Remote Control Wall Switch Timer for Lights,Compatible with Alexa,Google Home,No Hub required","$39.99
$39
.
99"
"GE Enbrighten Z-Wave Plus Smart Light Switch with QuickFit and SimpleWire, 3-Way Ready, Works with Alexa, Google Assistant, ZWave Hub Required, Repeater/Range Extender, White & Light Almond, 46201","$39.99
$39
.
99"
"LED Strip Lights, DAYBETTER 16.4 FT Smart Strip Lights 5050 Kit 150 LEDs Work with Alex Google Assistant WiFi Rope Light APP Controlled Smart Light Strip for Bedroom, Home, Ceiling, Cupboard Lighting","$24.99
$24
.
99"
"Smart LED Light Bulb, Dimmable WiFi Smart Bulb with Warm Lights - No Hub Required, Christmas Smart Bulb Works with Alexa Echo Dot, Google Home Mini & Samsung, KHSUIN LED Smart Light Bulbs 7W (80W)","$19.99
$19
.
99"
"Smart LED Strip Lights Works with Alexa, Govee APP Control Waterproof 16.4ft RGB LED Light Strip WiFi Sync with Music, 16 Million Colors 5050 LED Lights for Home, Kitchen, TV, Party","$28.99
$28
.
99"
"Geeni GN-BW912-999 LUX Smart Floodlight, White – Outdoor 2700K-6500K Dimmable LED Bulb, E26, PAR38, 11W, 1000 Lumens – No Hub Works with Amazon Alexa, Google Assistant, Requires 2.4 GHz Wi-Fi","$24.99
$24
.
99"
"Smart Light Bulb with Soft White Light 2800k-6200k + RGBW, TECKIN A19 WiFi Multicolor LED Bulb Compatible with Phone, Google Home, 8w (60w Equivalent),4 Pack","$39.99
$39
.
99"
"WiFi Smart Light Bulbs, Compatible with Amazon Alexa, Echo, Google Assistant and IFTTT, ENSHINE A19 60W Equivalent RGB Color Changing LED Bulb, Tunable White 2700K-6500K, No Hub Required (2 Pack)","$22.99
$22
.
99"
True Blood: Season 2,
"Sengled Smart LED Multicolor A19 Starter Kit, 60W Equivalent, 2 Smart Light Bulbs & Hub, RGBW Color and Tunable White 2000-6500K, Works with Alexa & Google Assistant","$46.76
$46
.
76"
"Single Pole Treatlife Smart Light Switch（Neutral Wire Required) , 2.4Ghz Wi-Fi Light Switch, Works with Alexa and Google Assistant, Schedule, Remote Control, Single Pole, ETL Listed (2 PACK)","$32.99
$32
.
99"
"Sinvitron Led Wifi Smart Light Bulb E26 9W, Work with Amazon Alexa, Echo, Google Home and IFTTT, No Hub Required, 900lm, A19 85W Equivalent, RGBCW Multi-color Changing - 2 Pack","$24.69
$24
.
69"
"Wemo Wi-Fi Light Switch 3-Way 2-Pack Bundle - Control Lighting from Anywhere, Easy In-Wall Installation, Works with Alexa, Google Assistant and Apple HomeKit (WLS0403-BDL)","$76.99
$76
.
99"
"Dusk to Dawn Light Bulb Sensor Smart LED Outdoor Lighting Bulbs Lamp 7W E26/E27 Automatic On/Off, Indoor/Outdoor Yard Porch Patio Garden (Warm White, 3 Pack)","$21.99
$21
.
99"
"Smart WiFi Light Bulb, Linkind 9W LED Bulb, No Hub Required, Works with Alexa, A19 E26 800LM Starter Smart Lights, Soft White & Cold White, (2700k-6500k) Dimmable and Tunable","$9.90
$9
.
90"
"Smart Light Bulb, LOHAS BR20 LED WiFi Bulb 60 Watt Equivalent, 2700K-6000K Daylight RGB Coloring Changing Lights, Dimmable LED E26 Bulbs Work with Alexa, Google Assistant, Siri, No Hub Required, 4Pack","$43.99
$43
.
99"
"OHLUX BR30 Smart Light Bulb Works with Alexa & Google (No Hub Required), Color Changing Wi-Fi R30 Flood LED Lamp Bulb, 10W(100W Equivalent), E26, 2700K-6500K Dimmable, IFTTT Siri Compatible, 4-Pack","$54.99
$54
.
99"
"Sengled Smart LED Light Bulb (Hub Required), Smart Light Bulb Soft White 2700K 65W Equivalent BR30 Dimmable, Compatible with Alexa/Echo Plus/SmartThings/Google Assistant/IFTTT, 6 Pack","$69.99
$69
.
99"
"LED Strip Lights Smart WiFi 32.8ft Waterproof RGB 5050LEDs Color Changing Light Strips Work with Alexa, Google Assistant, App and Remote Controlled, 12V Tape Light for Bedroom, Home Decorations","$39.89
$39
.
89"
"Aigital Smart WiFi Light Bulb, LED WiFi Color Changing Dimmable Bulb Cool&Warm Multicolor Bulbs Work with Alexa, 9W No Hub Required(Remote&Voice Control, Memory Function, DIY Scene Mode)-2 Pack","$24.85
$24
.
85"
"Smart LED Light Bulbs, LampUX WiFi Bulbs, Works with Alexa and Google Home, Color Changing Light Bulbs, Dimmable with App, A19 E26, 60 Watt Equivalent, No Hub Required (Pack of 2)","$21.99
$21
.
99"
"Sengled Pulse LED Smart Bulb with JBL Bluetooth Speaker, App Controlled Up to 8 BR30 LED Light Bulbs with Starter Kit, E26 Base, Compatible with Amazon Alexa, White, 2 Pack","$20.68
$20
.
68"
"LED Strip Lights, 32.8ft RGB Color Changing Rope Lights 300 LEDs SMD5050 Light Strips Voice and Music Sync Smart LED Lights for Home, TV and Party Decoration-Remote Control + Bluetooth APP Controlled","$30.99
$30
.
99"
"Philips Hue Smart Button for Hue Smart Lights, Smart Light Control, (Hue Hub required)","$19.99
$19
.
99"
"Kasa Smart Light Bulb by TP-Link – WiFi Bulbs, No Hub Required, Old Version, Works with Alexa & Google (LB110)","$19.99
$19
.
99"
"Smart LED Strip Lights Works with Alexa, Govee APP Control 16.4ft WiFi Light Strip, Music Sync 16 Million Colors RGB LED Lights for Room, Home, Kitchen, TV, Party, Halloween, Christmas, Waterproof","$28.99
$28
.
99"
"Smart Light Switch TECKIN Single-pole Wi-Fi In-wall Switch, Work With Alexa, Google home and Google Nest Hub, Control Lighting Anywhere Anytime, Easy In-Wall Installation, No Hub Required(1 PC)","$17.99
$17
.
99"
"GE Enbrighten Z-Wave Plus Smart Light Dimmer with QuickFit and SimpleWire, 3-Way Ready, Works with Alexa, Google Assistant, ZWave Hub Required, Repeater/Range Extender, White & Light Almond, 46203","$44.99
$44
.
99"
"SYLVANIA SMART+ ZigBee Full Color Accent Light Starter Kit, Works with SmartThings and Amazon Echo Plus","$21.00
$21
.
00"
"Smart LED WiFi Light Bulb, LOHAS LED 2700K-6000K Daylight RGB A19 Bulb Color Changing 60W Equivalent, Dimmable LED E26 Bulbs Works with Alexa, Google Home, Siri (No Hub Required), UL Listed, 4 Pack","$39.79
$39
.
79"
"LE LampUX Smart LED Light Bulb, E12 Candelabra Light Bulbs, Works with Alexa Google Home, Tunable White 2700K-6500K, Dimmable with App, No Hub Required, 40 Watt Equivalent, 2.4GHz WiFi, Pack of 2","$22.99
$22
.
99"
"LOHAS Smart LED Light Bulb, A19 Daylight 5000K Dimmable LED Bulb, 50W Equivalent 8W WiFi Light Bulb E26 Base, 720LM APP Control, No Hub Required, Compatible with Amazon Alexa, Google Home, 4 Pack","$31.99
$31
.
99"
"DreamColor LED Strip Lights, Govee 16.4ft WiFi Wireless Smart Light Strip Works with Alexa Google Assistant App Control for Room Bedroom Kitchen Outdoors Music Sync Waterproof (Not Support 5G WiFi)","$28.89
$28
.
89"
"Smart Light Bulb BITIWEND WiFi Smart LED Bulb E26 RGBW Dimmable Smart Color Light Bulb with Remote Control 350lm Compatible with Alexa Google Home,No Hub Required,2 Pack LED Smart Bulbs","$19.99
$19
.
99"
"Sengled Smartsense Flood Light with Motion Sensor & Daylight Sensor, Smart LED Light Bulb PAR38, Dusk to Dawn Bulb, Waterproof 5000K for Indoor and Outdoor Use (3rd Gen), 2 Pack","$43.99
$43
.
99"
"TP-Link Smart LED Light Bulb, Wi-Fi, Dimmable White, 50W Equivalent, Works w/ Amazon Alexa, 3-Pack (LB100 TKIT)","$59.90
$59
.
90"
"HitLights Smart WiFi LED Strip Lights, 16.4FT RGB 5050 LED Light Kit Working with Alexa, Google Home Phone APP Controlled for Christmas, Party, TV, Gaming Room, Home Theater, Dorm & DIY Decoration","$27.99
$27
.
99"
"Etekcity Smart Light, WiFi Dimmable Soft White LED Bulb Work with Alexa, Google Home and IFTTT, Easy Setup, Schedule, A19 E26, 60W Equivalent, 806LM, 2700K, No Hub Required, UL Listed","$13.99
$13
.
99"
"Smart LED RGB Light Bulb - Aoycocr 10W A21 E26 Soft White (2700K) Multicolor - 900 Lumens (85W Equivalent) - Compatible with Amazon Alexa and Google Assistant, No Hub Required (4 Pack)","$39.99
$39
.
99"
"TECKIN LED Smart Bulb Alexa Light Bulbs, RGB Dimmable Multicolor Bulbs E27 A19 60W Equivalent, Compatible with Alexa, Google Home and IFTTT, Cold and Warm Light 2800K-6000K, Wifi Control Bulb (4 Packs","$39.99
$39
.
99"
"LE WiFi Smart LED Light Bulbs, Color Changing Lights, RGBW 2700K-6500K, Works with Alexa & Google Home, Dimmable with App, No Hub Required, 60 Watt Equivalent, A19 E26 (4 Pack)","$36.99
$36
.
99"
"Smart WiFi LED Light Bulbs E12 Candelabra, 5W Color Changing Bulb, Dimmable RGB Candle Light Bulb Decorative, Smart Chandelier Lighting Work with Alexa Google Home for Home Room Decor(3 Pack)","$35.99
$35
.
99"
"Smart WIFI Led Strip Lights, TASMOR 32.8ft RGB 5050 Color Changing Light Strip Music Sync Works with Alexa Google Assistant, Phone APP Controlled IP65 Waterproof Led Strip with Remote for Home Parties","$34.99
$34
.
99"
"Govee LED Light Bulb Dimmable, Music Sync RGB Color Changing Light Bulbs A19 7W 60W Equivalent, Multicolor Decorative No Hub Required Smart LED Bulbs with APP for Party Home (Don't Support WiFi/Alexa)","$14.59
$14
.
59"
"LED Smart Light Bulb - No Hub Required, Smart Bulb Works with Alexa Echo Dot, Google Home Mini & Samsung, KHSUIN LED Smart Light Bulbs 7W (80W)","$8.99
$8
.
99"
"meross Smart Wi-Fi LED Bulb, Multiple Colors, 2700K-6500K RGB, 810 Lumens 60W Equivalent, Compatible with Alexa, Google Assistant and IFTTT, E26 Light Bulb, No Hub Required - Upgrade Versions (2 Pack)","$19.99
$19
.
99"
"C by GE A19 Smart Light Bulb - Soft White Light Bulb, 2-Pack, Works with Amazon Alexa and Google Home, Bluetooth Light Bulb","$24.94
$24
.
94"
"Aigital WiFi Smart Light Bulb,RGB LED Color Changing Dimmable Smartphone App Controlled Daylight & Night Light,Color Bulbs Compatible with Alexa and Google Assistant,10W Home Lighting,No Hub Required","$16.89
$16
.
89"
Postscript,"$13.99
$13
.
99"
"Philips Hue White Outdoor PAR38 13W Smart Bulbs (Philips Hue Hub required), 2 White PAR38 LED Smart Bulbs, Works with Alexa, Apple HomeKit and Google Assistant","$49.97
$49
.
97"
"Smart Light Bulb Wi-Fi Color LED Light Work with Alexa & Google Home, Dimmable Multicolored 60W Equivalent RGBW Color Mode, No Hub Required, A19 E26 / E27 Base Type, 7W, 2PCS","$19.99
$19
.
99"
"Sengled Smart Light Bulb A19 Daylight, Hub Required, Smart Bulb A19 5000K 60W Equivalent, Smart LED Light Bulb Compatible with Alexa, Google Assistant, SmartThings & IFTTT, 3 Pack","$28.98
$28
.
98"
"Lutron Caseta Smart Home Dimmer Switch with Wallplate, Works with Alexa, Apple HomeKit, and the Google Assistant | for LED Light Bulbs, Incandescent Bulbs and Halogen Bulbs | PDW-6WCL-WH-A | White","$63.90
$63
.
90"
"3 Way Smart Light Switch (Only One Needed), Meross WiFi Light Switch Compatible with Alexa, Google Assistant and IFTTT, LED Smart Switch with Voice Control, Schedule, Remote Control, ETL/FCC Listed","$26.99
$26
.
99"
Smart Lights Led Bulb Daylight Aoycocr(6500K) 7.5W A19 - Medium Screw Base (E26) - 750 Lumens(65W equiv.) - Dimmable - RGB Color Changing - Voice Control - No Hub Required - UL Listed - 4 Pack,"$40.99
$40
.
99"
"AUSPICE Smart Light Bulb, RGB Color Changing WiFi Smart Bulb Works with Alexa, Echo, Google Home 8W No Hub Required Voice Control Smart Bulb with Timing, Memory Function for Home, Party Decoration","$22.99
$22
.
99"
"Smart Light Bulbs with White Light 2700k-6000k - 6W LED Candalabra Bulb E12 Base - 60W Equivalent - WiFi Multicolor Light Bulb - B11 RGB Color Changing Bulb, Works with Google Assistant IFTTT, 3 Pack","$37.99
$37
.
99"
"BrizLabs Smart Light Bulbs, 9W WiFi Bulbs No Hub Required, Warm White & Multicolor Dimmable LED Bulb, A19 60W eq, E26, 806LM, Compatible with Alexa & Google Assistant, 2 Pack","$15.99
$15
.
99"